<Ui xmlns="http://www.blizzard.com/wow/ui/" xmlns:xsi="http://www.w3.org/2001/XMLSchema-instance" xsi:schemaLocation="http://www.blizzard.com/wow/ui/
..\FrameXML\UI.xsd">
	<Frame name="DBMBossHealthBarTemplate" enableMouse="true" virtual="true" frameStrata="MEDIUM" topLevel="true">
		<Size>
			<AbsDimension x="200" y="20"/>
		</Size>
		<Frames>
			<StatusBar name="$parentBar">
				<Size>
					<AbsDimension x="190" y="12"/>
				</Size>
				<Anchors>
					<Anchor point="CENTER" relativePoint="CENTER">
						<Offset>
							<AbsDimension x="2" y="0"/>
						</Offset>
					</Anchor>
				</Anchors>
				<Layers>
					<Layer level="BACKGROUND">
						<Texture name="$parentBackground">
							<Color r="0" g="0" b="0" a="0.3"/>
						</Texture>
					</Layer>
					<Layer level="OVERLAY">
						<FontString name="$parentName" inherits="GameFontHighlightSmall" text="">
							<Anchors>
								<Anchor point="LEFT" relativePoint="LEFT">
									<Offset>
										<AbsDimension x="2" y="1"/>
									</Offset>
								</Anchor>
							</Anchors>
						</FontString>
						<FontString name="$parentTimer" inherits="GameFontHighlightSmall" text="">
							<Anchors>
								<Anchor point="RIGHT" relativePoint="RIGHT">
									<Offset>
										<AbsDimension x="-2" y="1"/>
									</Offset>
								</Anchor>
							</Anchors>
						</FontString>
						<Texture name="$parentIcon" file="Interface\TargetingFrame\UI-RaidTargetingIcons.blp">
							<Size>
								<AbsDimension x="12" y="12"/>
							</Size>
							<Anchors>
								<Anchor point="RIGHT" relativePoint="LEFT">
									<Offset>
										<AbsDimension x="-4" y="0"/>
									</Offset>
								</Anchor>
							</Anchors>
						</Texture>
					</Layer>
				</Layers>
				<Frames>
					<Button name="$parentBorder">
						<Size>
							<AbsDimension x="198" y="32"/>
						</Size>
						<Anchors>
							<Anchor point="LEFT">
								<Offset>
									<AbsDimension x="-4" y="0"/>
								</Offset>
							</Anchor>
						</Anchors>
						<NormalTexture name="$parentTextureNormal" file="Interface\PaperDollInfoFrame\UI-Character-Skills-BarBorder"/>
					</Button>
				</Frames>
				<BarTexture name="$parentTextureBar" file="Interface\PaperDollInfoFrame\UI-Character-Skills-Bar"/>
				<BarColor r="1.0" g="0.7" b="0.0"/>
				<Scripts>
					<OnLoad>
						self:SetMinMaxValues(0, 100)
					</OnLoad>
				</Scripts>
			</StatusBar>
		</Frames>
	</Frame>
</Ui>